Disease ID	HGVS nomenclature (GRCh38 reference)	Left flank	Right flank	Groups	Disease name	OMIM ID	Gene	Gene abbreviation	Inheritance	HGVS repeat unit	GRCh38 reference allele - Visualisation	Historical nomenclature	Motif complexity	Clinically relevant part (in case of complex motifs)	Physiological range	Premutation range	Pathogenic range	Grey-zone range	Allele distribution in population (gnomAD, STRchive, Stripy)	Citation (references)	Gene context	Protein context	Molecular mechanism	Notes
ALS	chr15:g.22786679_22786702CGG[8]	CGGGCGGAATGGGGACTGCAGCTGCGGCAG	CCGGGGAGGGGGCGCGTAGCCCGAGCCCCG	All	Amyotrophic lateral sclerosis																			
BPES	chr3:g.138946022_138946063GCT[14]	ACAGCGGCCGCGCCAGGGCTACCGGGGCCC	ATCTGGCAGGAGGCATAGGGCATGGGTGAG	All	Blepharophimosis, ptosis and epicanthus inversus syndrome																			
BSS	chr16:g.17470908_17470922GCC[5]	CCGCCGGCTGCCGCTCGGGCTCCCGCTCGG	CCCCTCCCCACACCCCTGTCCCCGCTGGAG	All	Baratela-Scott Syndrome																			
CANVAS	chr4:g.39348429_39348483GAAAA[11]	GGCAACAGAGCAAGACTCTGTTTCAAAAAA	AGCATGTTCTAAAGAGAATAGCAACGGTGT	All	Cerebellar Ataxia, Neuropathy, Vestibular Areflexia Syndrome																			
CCD	chr6:g.45422680_45422802AGC[24]CGG[17]	TGAGCGACGTGAGCCCGGTGGTGGCTGCGC	TGCCCCGGTTGCGGCCGCCCCACGACAACC	All	Cleidocranial dysplazia																			
CCHS	chr4:g.41745973_41746032GCC[20]	CCAGGGCCCCCAGCCGCAGCCAGGCCTCCA	CCGCCCTTGCCGGGTTCGCCTCCCGGGCCC	All	Congenital central hypoventilation syndrome																			
CF	chr7:g.117548608_117548629GT[11]	TATCTGACAAACTCATCTTTTATTTTTGAT	TTTTTTAACAGGGATTTGGGGAATTATTTG	All	Cystic fibrosis																			
CJD	chr20:g.4699371_4699493CCTCATGGTGGTGGCTGGGGGCAG[5]	CAGGGCAGCCCTGGAGGCAACCGCTACCCA	GGAGGTGGCACCCACAGTCAGTGGAACAAG	All	Creutzfeldt–Jakob disease																			
DEE1/MRXARX	chrX:g.25013651_25013698GCC[16]	GCCTCCCCGCGTGGACCCGCCGTGGCCGTG	CCCTGAAGGAGGCGGCCCCCGCCCGGGCCG	All	Developmental and epileptic encephalopathy 1/X-linked mental retardation with or without seizures/Early-infantile epileptic encephalopathy																			
DEE1/MRXARX/PRTS	chrX:g.25013531_25013566GCG[12]	GGCGCCTGGCTGATCTTGAGCGTGTCCCAG	CCTGCGCCGTCCGGCCGTTCCCCGGGCCGC	All	Developmental and epileptic encephalopathy 1/X-linked mental retardation with or without seizures/Partington syndrome																			
DM1	chr19:g.45770207_45770266GCA[20]	GAAAGAAAGAAATGGTCTGTGATCCCCCCA	TTCCCGGCTACAAGGACCCTTCGAGCCCCG	All	Myotonic dystrophy type 1	160900	Dystrophia myotonica protein kinase	DMPK	AD (anticipation)	GCA	/path/to/some/picture.png	CTG	Simple (interruptions may occur)	GCA	5-30	36-50	51+	0-4,31-35	0,0,0,0,0,2,0,10,3	Abrakadabra et al. 2002	3´UTR	Untranslated	Complex; Spliceopathy;	Nothing to note
DM2	chr3:g.129172580_129172733GCAG[20]ACAG[9]AC[19]	CCAGCCTAGGGGACAAAGTGAGACAGACAG	TGGCAGTAATACTCATTCACTCATTCCAAG	All	Myotonic dystrophy type 2																			
DMD	chrX:g.31284560_31284607CTT[16]	TTCTTTAAGAACTGCAATAACGAACTGTTT	TTTTTTGGCAGAGGTGGGGTGTCTCGCTAC	All	Duchenne muscular dystrophy																			
DRPLA	chr12:g.6936719_6936775GCA[19]	ACCAGTCTCAACACATCACCATCACCACCA	TCACGGAAACTCTGGGCCCCCTCCTCCTGG	All	Dentatorubral-pallidoluysian atrophy																			
EPM1	chr21:g.43776444_43776479CGCGGGGCGGGG[3]	GGGGTCGCGGTGGCCCCGCAAGAAGGGACG	AACCTGGCCACCACTCGCCGCAGGCTGGGT	All	Myoclonic epilepsy type 1																			
FAME1	chr8:g.118366816_118366918TAAAA[20]	TGGGCAACAAGAGTGAAACTCTGTCTCAAA	ATGAACAAAATGAAAAGGGGGATACTAAGA	All	Familial adult myoclonic epilepsy 1																			
FAME2	chr2:g.96197070_96197124ATAAA[11]	TGGGCAACAAGAGCGAAACTCCGTCTCAAA	GCCAAGCACAACGGCTCACGCCTGTAATCC	All	Familial adult myoclonic epilepsy type 2																			
FAME3	chr5:g.10356347_10356411ATTTT[13]	CTTATACTGTTGTGGTTCTGTTTTTTATTT	CCGAGATGGAGTCTTGCCCTGTTGCCCAGG	All	Familial adult myoclonic epilepsy type 3																			
FAME4	chr3:g.183712192_183712226ATTTT[7]	TATTTTTGAGTTAGCATTTTATGTTCTTTT	TTGAGACAGAGTCTCACCCTGTCTCCCAGG	All	Familial adult myoclonic epilepsy type 4																			
FAME6	chr16:g.24613440_24613529TTTTA[18]	TCCTGGGATCAATGAGCAACTATTAAAGCA	TTTACTTATTTATTTAGAGATAGAGTCTTG	All	Familial adult myoclonic epilepsy type 6																			
FAME7	chr4:g.159342527_159342616TTTTA[18]	GTTTAGTCATACTCTCATTACTATCATAGC	TTACTAGAGGATATTTGCTCAGTCGGTTTT	All	Familial adult myoclonic epilepsy type 7																			
FECD3	chr18:g.55586119_55586229GGA[12]GCA[25]	AGCCATTTCTCCAAAAGAAGGTCTAGAAGA	TGAAAGAGCCCCACTTGGAAGGCGGTTTGG	All	Fuchs endothelial corneal dystrophy 3																			
FRAXA/FXTAS/FXPOI	chrX:g.147912052_147912111GGC[20]	GCGCCGCTGCCAGGGGGCGTGCGGCAGCGC	TGGGCCTCGAGCGCCCGCAGCCCACCTCTC	All	Fragile X syndrome of mental retardation/Fragile X tremor ataxia syndrome/Fragile X-Associated Primary Ovarian Insufficiency																			
FRAXE	chrX:g.148500639_148500683CCG[15]	CGGCCGCCGCCGCCGCCTGTGCAGCCGCTG	CTGCCGCCCCGGCTGCCGCGCCGCGCCGCT	All	FRAXE mental retardation																			
FRAXF	chrX:g.149631719_149631781GCC[21]	GCTGCTCCCGCTACTGCTGCCGTCCCCGCT	CGGAGAAACCTGAGCCACCGCCCCCTGCCC	All	Fragile XF Syndrome																			
FRDA	chr9:g.69037271_69037304A[16]GAA[6]	TGGTGAAACCCAGTATCTACTAAAAAATAC	AATAAAGAAAAGTTAGCCGGGCGTGGTGTC	All	Friedreichs ataxia																			
FTD/ALS	chr9:g.27573529_27573546GGCCCC[3]	CCGCCCCCGGGCCCGCCCCGACCACGCCCC	TAGCGCGCGACTCCTGAGTTCCAGAGCTTG	All	Frontotemporal dementia and/or amyotrophic lateral sclerosis 1																			
GAD	chr2:g.190880873_190880920GCA[16]	GAAGAGAACCGGTCGCGGCAATCCTAGCGC	CCCGCATCCGCTGCGGGAGTCCGAGCCGGA	All	Glutaminase Deficiency																			
HD	chr4:g.3074878_3074973AGC[21]CGC[11]	TGAAGGCCTTCGAGTCCCTCAAGTCCTTCC	AGCTTCCTCAGCCGCCGCCGCAGGCACAGC	All	Huntingtons disease																			
HDL2	chr16:g.87604288_87604329CTG[14]	CAGAGCCGGGGCCGGAAGCCAGGGAGCTGC	TAAGATGGTTTCTGTGCAGGGAACCTTGGC	All	Huntingtons disease-like 2																			
HGF	chr7:g.27199681_27199734CGG[18]	CCGCCGGGCCGGGACCTCCCGAGGACGACG	ACGGGGGCGCCTCCCCGGGGGCGCTGCTGT	All	Hand-foot-genital syndrome																			
HMNR7	chr1:g.1435799_1435818GGCGCGGAGC[2]	CGGCCTGGCCCTGAGCTTGCGGCTGGCGCT	GCGGTGAGTGCGGCGGGCGGCCGGGCCGGG	All	Hereditary motor neuropathy																			
HPE5	chr13:g.99985450_99985494CGG[15]	AGCCCCAGAGCAGCTCCAACCTGTCCCCAG	TGTCCGCGGTGCACCGGGGCGGAGGCTCGG	All	Holoprosencephaly 5																			
HSAN8	chr9:g.130681606_130681641CGC[12]	GCCCGCCCCGCACGCGCACGCGCCCGCGCT	GCACCACCTGCCGGCCATGGTGCTGTGAGC	All	Hereditary sensory and autonomic neuropathy type VIII																			
JBS	chr11:g.119206291_119206323GGC[11]	ACGGCCGCTCCTCCCTCCGCCCGGATAGCC	CGGGAGAGGCCCCTCCTTCACGCCCTGCTT	All	Jacobsen syndrome																			
NIID/ETM6	chr1:g.149390804_149390842GCG[13]	GGGACCCCCTCCCCATGTGGATCTGCCCAG	ACCGAGAAGATGCCCGCCCTGCGCCGCTCT	All	Neuronal Intranuclear Inclusion Disease/Hereditary essential tremor type 6																			
OPDM1	chr8:g.104588973_104588999CCG[9]	AGGAGAAGCTGGAGGTAGACGACGCCGACG	AGCCACCGGCTGCTCCCTGCGCTCTCCGCG	All	Oculopharyngodistal myopathy																			
OPDM2	chr19:g.14496043_14496075CGC[11]	ATCCTTCTCGCAGAGGCCACTCACCTGCTC	TGCCTCCGCCTCCCCGTGCGCACCCGGCTC	All	Oculopharyngodistal myopathy 2																			
OPDM4	chr12:g.123533721_123533750GGC[10]	CCCGGCTCGGCCCGGAGCTGCTCCCGAGTG	AGCGGGGAGGGCGCGCGCGTGCGCAGGCCC	All	Oculopharyngodistal myopathy 4																			
OPMD	chr14:g.23321472_23321507GGC[12]	CGGGCGGCGGGCCCCAGTCTGAGCGGCGAT	TGCGGGCGGTCGGGGCTCCGGGCCGGGGCG	All	Oculopharyngeal muscular dystrophy																			
OPML1	chr10:g.79826384_79826404GGC[7]	GAGGCCGGCAGGCGGAGGAGGAAGCGGCGG	CGGGAAGAACTAGAGGTATTCCCCGGGCGG	All	Oculopharyngeal myopathy with leukoencephalopathy 1																			
PHPX/XLMR	chrX:g.140504318_140504362GCG[15]	AGGCGCTGGCCCACGCCCACCGGACTGCTG	CCGGGAGGCAGGAGGCCGCTGGGCAGGGAG	All	X-linked hypopituitarism/X-linked Mental Retardation with isolated growth hormone																			
PSACH/MED	chr19:g.18786036_18786050TCG[5]	TTGTCCCGACTGTCAGGGACTCCGTCATTG	CAGGCATCACCCTGGCCATCGTGGTCTGAG	All	Pseudoachondroplasia/Multiple Epiphyseal Dysplasia																			
RCPS	chr17:g.80147022_80147139CCTCGCTGTGCCGCTGCCGA[6]	CGCCGCTGCCGACCTCGCTGCCGCTGCCGA	GAACAGACGCCTTAAGTATGCGAAAGCGAG	All	Richieri-Costa-Pereira syndrome																			
SBMA	chrX:g.67545317_67545385GCA[23]	AGCACCTCCCGGCGCCAGTTTGCTGCTGCT	AGAGACTAGCCCCAGGCAGCAGCAGCAGCA	All	Spinobulbar muscular atrophy (Kennedy disease)																			
SCA	chr16:g.67842864_67842950CAG[29]	CCCGCTGGGGCCGCGGCCGCCCGCCGCAGG	TCCTCACCCTCTGCCTCCACTGCCCAGACT	All,SCA	Spinocerebellar ataxia																			
SCA1	chr6:g.16327635_16327724GCT[30]	GGGTGATGAGCCCCGGAGCCCTGCTGAGGT	CAGCCTTGTGTCCCGGCGTCTGGCTCAGAC	All,SCA	Spinocerebellar ataxia type 1																			
SCA10	chr22:g.45795355_45795424ATTCT[14]	AAATATCCAACTAAAAGACTACTAGAATGG	TTTTGAGATGAAGTCTCTCTATGTTGCCCA	All,SCA	Spinocerebellar ataxia type 10																			
SCA12	chr5:g.146878730_146878759TGC[10]	CCCTCACACCCACACGCGCGCACTCGCAGC	AGGAGGCTGGAGGCGGCTGGTGCATTAAAG	All,SCA	Spinocerebellar ataxia type 12																			
SCA17	chr6:g.170561908_170562021CAG[38]	AGTCTGTCTATTTTGGAAGAGCAACAAAGG	GCAGTGGCAGCTGCAGCCGTTCAGCAGTCA	All,SCA	Spinocerebellar ataxia type 17																			
SCA2	chr12:g.111598951_111599019CTG[23]	CTTGCGGACATTGGCAGCCGCGGGCGGCGG	GGGCTTCAGCGACATGGTGAGGGGCCCATA	All,SCA	Spinocerebellar ataxia type 2																			
SCA27B	chr13:g.102161576_102161725AGA[50]	CTATGCAACCAACTTTCTGTGAAGAAAGAA	ATAGAAATGTGTTTAAGAATTCCTCAATAA	All,SCA	Spinocerebellar ataxia 27B																			
SCA3	chr14:g.92071011_92071052CTG[14]	TGGATGTGAACTCTGTCCTGATAGGTCCCC	TCTGAAACATTCAAAAGTGAAGTATATTTA	All,SCA	Spinocerebellar ataxia type 3/Machado-Joseph Disease																			
SCA36	chr20:g.2652735_2652776GCCTGG[3]GCCTGC[4]	GTTTCGGCCTGCGTTCGGGCCGCAGACAGG	CCTGGGAACGGGTTCCGGCAGACGCTGAGG	All,SCA	Spinocerebellar ataxia type 36																			
SCA37	chr1:g.57367047_57367121ATAAA[15]	GGCAACACAGTGAGACCCTGTCTCCACAAA	TAAATTAGCCAGGCATGGTGCCATACATCT	All,SCA	Spinocerebellar ataxia type 37																			
SCA4	chr16:g.72787696_72787758CCG[21]	GCGCTCTCGCACGCCAGGCAGTGGTACGAG	GTGGGGACGTGAAGCACCATCTCTTGCAGG	All,SCA	Spinocerebellar ataxia 4																			
SCA6	chr19:g.13207860_13207898TGC[13]	GTGGCCGCCCGGCCCGGCCTGGCCACCGCC	GGGGGCCCCGAGCCGCCGGCCTTACGGATC	All,SCA	Spinocerebellar ataxia type 6																			
SCA7	chr3:g.63912687_63912716AGC[10]	CGGGCGGAGCAGCGGCCGCGGCCGCCCGGC	CGCCGCCTCCGCAGCCCCAGCGGCAGCAGC	All,SCA	Spinocerebellar ataxia type 7																			
SCA8	chr13:g.70139352_70139429TAC[11]TGC[15]	CTGGGTCCTTCATGTTAGAAAACCTGGCTT	ATTTTTTAAAAATATATTATCTTATTTTAC	All,SCA	Spinocerebellar ataxia type 8																			
SPD	chr2:g.176093059_176093103GCG[15]	CCTGTGTTCGCCGGGACGCATTCGGGGCGG	TCCGGCTTTGCGTACCCCGGGACCTCTGAG	All	Synpolydactyly type 1																			
TOF	chr22:g.19766763_19766807GCC[15]	CCGCACCACCACCACCACCCCGTGAGTCCA	AACATGTACTCGTCGGCCGGAGCCGCGCCG	All	Tetralogy of fallot																			
VACTERLX	chrX:g.137566827_137566856GCC[10]	GGGCTGAATCCCTTCGGGGACTCAACCCAC	TTCAAGCTGAGCCCTGCCGCGGCGCACGAT	All	X-linked VACTERL syndrome																			
