SBMA	chrX:g.67545317_67545385GCA[23]
SCA6	chr19:g.13207860_13207898TGC[13]
SCA12	chr5:g.146878730_146878759TGC[10]
GAD	chr2:g.190880873_190880920GCA[16]
PSACH/MED	chr19:g.18786036_18786050TCG[5]
EPM1	chr21:g.43776444_43776479CGCGGGGCGGGG[3]
SCA36	chr20:g.2652735_2652776GCCTGG[3]GCCTGC[4]
SCA36 (CR)	chr20:g.2652734_2652757GGCCTG[4]
FTD/ALS	chr9:g.27573529_27573546GGCCCC[3]
SCA37	chr1:g.57367047_57367121ATAAA[15]
FAME1	chr8:g.118366816_118366918TAAAA[13]TAA[1]TAAAA[7]
CANVAS	chr4:g.39348429_39348483GAAAA[11]
DRPLA	chr12:g.6936731_6936775GCA[15]
SCA17	chr6:g.170561908_170562015CAG[3]CAA[3]CAG[8]CAACAGCAA[1]CAG[19]
SXMR+EIEE	chrX:g.25013650_25013691GGC[2]CGCTGC[1]CGC[10]
BPES	chr3:g.138946037_138946063GCT[2]GCAGCCGCTGCGGCT[1]GCC[2]
SPD	chr2:g.176093059_176093097GCG[4]GCA[1]GCG[2]GCT[1]GCG[5]
HGF	chr7:g.27199681_27199728CGG[6]CTGCAGCGGCAGCCGCGG[1]CAG[2]CGG[2]
XH	chrX:g.140504342_140504353GCG[4]
HPE5	chr13:g.99985450_99985488CGG[3]CAG[1]CGG[4]CTG[1]CGG[4]
CCHS	chr4:g.41745976_41746029GCC[2]GCTGCCGCT[1]GCC[4]GCTGCCGCG[1]GCC[3]GCT[3]
FRAXA+FXTAS+FXPOI	chrX:g.147912052_147912111GGC[9]GGA[1]GGC[10]
FRAXE	chrX:g.148500612_148500683CCG[4]CCTGTGCAGCCGCTG[1]CCG[15]
OPMD	chr14:g.23321472_23321501GGC[7]AGC[3]
DM1	chr19:g.45770207_45770266GCA[20]
SCA1	chr6:g.16327635_16327724GCT[14]GATGCTGAT[1]GCT[13]
SCA2	chr12:g.111598951_111599019CTG[9]TTG[1]CTG[13]
NIID	chr1:g.149390804_149390842GCG[9]GAG[2]GCG[2]
BSS	chr16:g.17470908_17470922GCC[5]
FRDA	chr9:g.69037271_69037304A[16]GAA[6]
FRDA (CR)	chr9:g.69037287_69037304GAA[6]
HD	chr4:g.3074878_3074973AGC[19]AACAGCCGCCAC[1]CGC[7]CTC[2]
HD (CR)	chr4:g.3074878_3074934AGC[19]
HDL2	chr16:g.87604288_87604329CTG[14]
DM2	chr3:g.129172580_129172733GCAG[7]ACAGGCAGACAGGCAGCCAG[1]GCAG[8]ACAG[9]AC[19]
DM2 (CR)	chr3:g.129172580_129172659GCAG[7]ACAGGCAGACAGGCAGCCAG[1]GCAG[8]
SCA3	chr14:g.92071011_92071052CTG[8]TTGCTGCTTTTG[1]CTG[2]
SCA7	chr3:g.63912687_63912716AGC[10]
SCA8	chr13:g.70139352_70139429TAC[11]TGC[15]
SCA8 (CR)	chr13:g.70139385_70139429TGC[15]
SCA10	chr22:g.45795355_45795424ATTCT[14]
CF	chr7:g.117548608_117548635GT[11]T[6]
CCD	chr6:g.45422683_45422793AGC[3]AAC[1]AGC[4]AAC[1]AGC[6]AAC[1]AGC[5]AGG[2]CGG[4]CTG[1]CGG[5]CTG[1]CGG[3]
CCD (CR)	chr6:g.45422752_45422793CGG[4]CTG[1]CGG[5]CTG[1]CGG[3]
FECD3	chr18:g.55586119_55586229GGA[5]GAA[1]GGA[6]GCA[25]
FECD3 (CR)	chr18:g.55586155_55586229GCA[25]
